{"cameraMode":{"drawMode":0,"name":"Shaded","section":"Shading Mode"},"sceneLighting":true,"audioPlay":false,"sceneViewState":{"showFog":true,"showMaterialUpdate":false,"showSkybox":true,"showFlares":true,"showImageEffects":true,"showParticleSystems":true},"in2DMode":false,"pivot":{"x":13.978796005249024,"y":55.86070251464844,"z":-34.45558547973633},"rotation":{"x":0.043502047657966617,"y":-0.26903313398361208,"z":0.012672272510826588,"w":0.9622735977172852},"size":14.896158218383789,"orthographic":false}